priority,study_id,pmid,doi,first_author,year,journal,title,fulltext_status,suggested_filename,what_is_needed
1,Mishra 2026,42593689,10.1007/s00431-026-07321-7,Mishra A,2026,European journal of pediatrics,Early total enteral feeding versus conventional incremental feeding in preterm infants weighing 1000-1250 g: a single-center open-label randomized controlled trial.,PAYWALLED - please upload PDF,Mishra_2026_PMID42593689.pdf,"Full PDF including CONSORT flow, baseline table, and all outcome tables (n/N for NEC, sepsis, mortality, feed intolerance, hypoglycaemia; mean/SD or median/IQR for time to full feeds, days of PN/IV fluid, time to regain birth weight, length of stay)"
1,Nangia 2026,42308132,10.1159/000551793,Nangia S,2026,Neonatology,Early Total versus Conventional Feeding between 27 and 32 Weeks' Gestation: A Randomized Controlled Trial.,PAYWALLED - please upload PDF,Nangia_2026_PMID42308132.pdf,"Full PDF including CONSORT flow, baseline table, and all outcome tables (n/N for NEC, sepsis, mortality, feed intolerance, hypoglycaemia; mean/SD or median/IQR for time to full feeds, days of PN/IV fluid, time to regain birth weight, length of stay)"
1,Sahu 2024,38640177,10.3233/NPM-230195,Sahu TK,2024,Journal of neonatal-perinatal medicine,Effect of early total enteral feeding vs incremental feeding in small for gestational age very low birth weight infants: A randomized controlled trial.,PAYWALLED - please upload PDF,Sahu_2024_PMID38640177.pdf,"Full PDF including CONSORT flow, baseline table, and all outcome tables (n/N for NEC, sepsis, mortality, feed intolerance, hypoglycaemia; mean/SD or median/IQR for time to full feeds, days of PN/IV fluid, time to regain birth weight, length of stay)"
1,Nangia 2019,30699425,10.1159/000496015,Nangia S,2019,Neonatology,Early Total Enteral Feeding versus Conventional Enteral Feeding in Stable Very-Low-Birth-Weight Infants: A Randomised Controlled Trial.,PAYWALLED - please upload PDF,Nangia_2019_PMID30699425.pdf,"Full PDF including CONSORT flow, baseline table, and all outcome tables (n/N for NEC, sepsis, mortality, feed intolerance, hypoglycaemia; mean/SD or median/IQR for time to full feeds, days of PN/IV fluid, time to regain birth weight, length of stay)"
2,Jajoo 2021,34117622,10.1007/s12098-021-03778-6,Jajoo M,2021,Indian journal of pediatrics,"Early Total Versus Gradually Advanced Enteral Nutrition in Stable Very-Low-Birth-Weight Preterm Neonates: A Randomized, Controlled Trial.",PAYWALLED - please upload PDF,Jajoo_2021_PMID34117622.pdf,"Full PDF including CONSORT flow, baseline table, and all outcome tables (n/N for NEC, sepsis, mortality, feed intolerance, hypoglycaemia; mean/SD or median/IQR for time to full feeds, days of PN/IV fluid, time to regain birth weight, length of stay)"
2,Sanghvi 2013,23621289,10.1111/apa.12254,Sanghvi KP,2013,"Acta paediatrica (Oslo, Norway : 1992)",Feasibility of exclusive enteral feeds from birth in VLBW infants >1200 g--an RCT.,PAYWALLED - please upload PDF,Sanghvi_2013_PMID23621289.pdf,"Full PDF including CONSORT flow, baseline table, and all outcome tables (n/N for NEC, sepsis, mortality, feed intolerance, hypoglycaemia; mean/SD or median/IQR for time to full feeds, days of PN/IV fluid, time to regain birth weight, length of stay)"
2,Modi 2019,31064897,(no DOI - Indian Pediatrics 2019;56:294-8),Modi M,2019,Indian pediatrics,Early Aggressive Enteral Feeding in Neonates Weighing 750-1250 Grams: A Randomized Controlled Trial.,PAYWALLED - please upload PDF,Modi_2019_PMID31064897.pdf,"Full PDF including CONSORT flow, baseline table, and all outcome tables (n/N for NEC, sepsis, mortality, feed intolerance, hypoglycaemia; mean/SD or median/IQR for time to full feeds, days of PN/IV fluid, time to regain birth weight, length of stay)"
2,Bora 2016,27809613,10.1080/14767058.2016.1256992,Bora R,2016,"The journal of maternal-fetal & neonatal medicine : the official journal of the European Association of Perinatal Medicine, the Federation of Asia and Oceania Perinatal Societies, the International Society of Perinatal Obstetricians",In resource limited areas complete enteral feed in stable very low birth weight infants (1000-1500 g) started within 24 h of life can improve nutritional outcome.,PAYWALLED - please upload PDF,Bora_2016_PMID27809613.pdf,"Full PDF including CONSORT flow, baseline table, and all outcome tables (n/N for NEC, sepsis, mortality, feed intolerance, hypoglycaemia; mean/SD or median/IQR for time to full feeds, days of PN/IV fluid, time to regain birth weight, length of stay)"
3,Zecca 2014,25304922,10.1016/j.jpeds.2014.08.065,Zecca E,2014,The Journal of pediatrics,Proactive enteral nutrition in moderately preterm small for gestational age infants: a randomized clinical trial.,PAYWALLED - please upload PDF,Zecca_2014_PMID25304922.pdf,"Full PDF including CONSORT flow, baseline table, and all outcome tables (n/N for NEC, sepsis, mortality, feed intolerance, hypoglycaemia; mean/SD or median/IQR for time to full feeds, days of PN/IV fluid, time to regain birth weight, length of stay)"
-,Razzaghy 2024,38135494,10.1136/archdischild-2023-325969,Razzaghy J,2024,Archives of disease in childhood. Fetal and neonatal edition,Early and exclusive enteral nutrition in infants born very preterm.,AVAILABLE (PubMed Central),Razzaghy_2024_PMID38135494.pdf,
-,Raman 2023,37288401,10.4103/jehp.jehp_1110_22,Raman SB,2023,Journal of education and health promotion,Hemodynamically stable very low birth neonates weight gain is affected by the early initiation of full enteral feedings compared to standard feeding.,AVAILABLE (PubMed Central),Raman_2023_PMID37288401.pdf,
