"outcome","subgroup_variable","subgroup_level","k","n_exp","n_ctrl","measure","effect_random","lci_random","uci_random","I2_pct","p_subgroup_diff"
"Necrotising enterocolitis","Setting (World Bank income group)","LMIC",6,435,429,"RR",0.892,0.31,2.569,28,0.7828
"Necrotising enterocolitis","Setting (World Bank income group)","HIC",2,1149,1147,"RR",0.716,0.228,2.255,0,0.7828
"Necrotising enterocolitis","Overall risk of bias","High",3,264,266,"RR",1.221,0.242,6.151,38,0.5772
"Necrotising enterocolitis","Overall risk of bias","Some concerns",2,174,173,"RR",0.364,0.068,1.954,0,0.5772
"Necrotising enterocolitis","Overall risk of bias","Low",3,1146,1137,"RR",0.831,0.307,2.249,0,0.5772
"All-cause mortality before discharge","Setting (World Bank income group)","LMIC",4,270,265,"RR",0.916,0.513,1.635,16,0.6076
"All-cause mortality before discharge","Setting (World Bank income group)","HIC",2,1085,1081,"RR",1.316,0.374,4.625,0,0.6076
"All-cause mortality before discharge","Overall risk of bias","High",2,154,155,"RR",0.637,0.202,2.002,27,0.4025
"All-cause mortality before discharge","Overall risk of bias","Some concerns",1,51,50,"RR",4.904,0.241,99.655,NA,0.4025
"All-cause mortality before discharge","Overall risk of bias","Low",3,1150,1141,"RR",1.128,0.714,1.781,0,0.4025
"Culture-positive late-onset sepsis","Setting (World Bank income group)","LMIC",6,384,377,"RR",0.373,0.16,0.869,47,0.01135
"Culture-positive late-onset sepsis","Setting (World Bank income group)","HIC",2,1081,1075,"RR",1.329,0.804,2.197,0,0.01135
"Culture-positive late-onset sepsis","Overall risk of bias","High",3,177,178,"RR",0.22,0.064,0.754,0,0.1731
"Culture-positive late-onset sepsis","Overall risk of bias","Some concerns",2,141,138,"RR",0.896,0.139,5.788,54,0.1731
"Culture-positive late-onset sepsis","Overall risk of bias","Low",3,1147,1136,"RR",0.829,0.407,1.691,67,0.1731
"Feed intolerance","Setting (World Bank income group)","LMIC",8,435,429,"RR",0.686,0.498,0.944,35,0.2844
"Feed intolerance","Setting (World Bank income group)","HIC",2,118,119,"RR",1.028,0.527,2.003,0,0.2844
"Feed intolerance","Overall risk of bias","High",5,264,266,"RR",0.859,0.464,1.591,50,0.7732
"Feed intolerance","Overall risk of bias","Some concerns",3,173,172,"RR",0.719,0.433,1.193,18,0.7732
"Feed intolerance","Overall risk of bias","Low",2,116,110,"RR",0.634,0.362,1.108,49,0.7732
"Hypoglycaemia","Setting (World Bank income group)","HIC",3,121,121,"RR",0.66,0.125,3.486,76,0.9993
"Hypoglycaemia","Setting (World Bank income group)","LMIC",3,149,143,"RR",0.66,0.261,1.667,0,0.9993
"Hypoglycaemia","Overall risk of bias","High",2,69,69,"RR",0.202,0.007,5.958,67,0.2439
"Hypoglycaemia","Overall risk of bias","Some concerns",2,85,85,"RR",1.354,0.799,2.295,0,0.2439
"Hypoglycaemia","Overall risk of bias","Low",2,116,110,"RR",0.625,0.233,1.675,0,0.2439
"Duration of hospital stay (days)","Setting (World Bank income group)","LMIC",3,107,108,"MD",-5.41,-9.812,-1.008,95,0.2345
"Duration of hospital stay (days)","Setting (World Bank income group)","HIC",4,1142,1149,"MD",-2.251,-5.032,0.53,74,0.2345
"Duration of hospital stay (days)","Overall risk of bias","High",4,143,144,"MD",-4.431,-7.552,-1.309,92,0.0006674
"Duration of hospital stay (days)","Overall risk of bias","Some concerns",2,83,84,"MD",-7.335,-12.502,-2.168,0,0.0006674
"Duration of hospital stay (days)","Overall risk of bias","Low",1,1023,1029,"MD",0.3,-0.86,1.46,NA,0.0006674
"Time to attain full enteral feeds (days)","Setting (World Bank income group)","LMIC",3,210,209,"MD",-3.136,-4.216,-2.056,56,0.002117
"Time to attain full enteral feeds (days)","Setting (World Bank income group)","HIC",2,1082,1076,"MD",-1.153,-1.812,-0.494,61,0.002117
"Time to attain full enteral feeds (days)","Overall risk of bias","Some concerns",2,126,124,"MD",-2.587,-4.547,-0.627,91,0.9665
"Time to attain full enteral feeds (days)","Overall risk of bias","Low",2,1076,1068,"MD",-2.295,-5.465,0.875,85,0.9665
"Time to attain full enteral feeds (days)","Overall risk of bias","High",1,90,93,"MD",-2.3,-3.25,-1.35,NA,0.9665
"Time to regain birth weight (days)","Setting (World Bank income group)","LMIC",3,103,102,"MD",-4.087,-7.921,-0.253,96,0.2048
"Time to regain birth weight (days)","Setting (World Bank income group)","HIC",2,71,71,"MD",-0.962,-3.9,1.975,86,0.2048
"Time to regain birth weight (days)","Overall risk of bias","High",3,110,111,"MD",-3.537,-6.799,-0.275,96,0.0007522
"Time to regain birth weight (days)","Overall risk of bias","Low",1,29,27,"MD",-4.01,-5.748,-2.272,NA,0.0007522
"Time to regain birth weight (days)","Overall risk of bias","Some concerns",1,35,35,"MD",0.6,-1.158,2.358,NA,0.0007522
