study_id,pmid,n_randomised_exp,n_randomised_ctrl,country,income_setting,population,intervention,comparator,primary_outcome,registration,n_total
Sanghvi 2013,23621289,23,23,India,LMIC,"Haemodynamically stable inborn VLBW 1200-1500 g, <24 h","Exclusive enteral feeds from birth, 80 mL/kg/day day 1, no parenteral fluids",Conventional feeds 20 mL/kg/day day 1 plus intravenous fluids,Feasibility: time to full feeds / feed intolerance,CTRI/2012/04/002570,46
Zecca 2014,25304922,36,36,Italy,HIC,Moderately preterm (32-36 wk) SGA infants,Proactive feeding regimen: full enteral volumes from day 1,Standard feeding regimen with intravenous fluids,Length of hospital stay,UMIN000004225,72
Bora 2017,27809613,51,52,India,LMIC,Stable VLBW 1000-1500 g within 24 h of life,"Complete enteral feed 80 mL/kg/day from first hour, no parenteral nutrition",Minimal enteral feed with intravenous fluid supplementation,Feed intolerance and NEC,not reported,103
Nangia 2019,30699425,91,89,India,LMIC,"Stable inborn preterm VLBW 1000-1499 g, 28-34 wk","Early total enteral feeding 80 mL/kg/day day 1, no intravenous fluids",Conventional enteral feeding 20 mL/kg/day day 1 plus intravenous fluids,Postnatal age at attaining full enteral feeds,NCT02187978,180
Jajoo 2022,34117622,31,29,India,LMIC,"Haemodynamically stable outborn preterm 29-33 wk, VLBW 1000-1499 g",Early total enteral nutrition 80 mL/kg/day from admission,Gradual advancement with intravenous fluids,Time to full enteral nutrition,not reported,60
Raman 2023,37288401,33,33,India,LMIC,Haemodynamically stable VLBW neonates,Full enteral feeding from first day of life,Partial enteral feeding with partial parenteral nutrition,Rate of weight gain,not reported,66
Razzaghy 2024,38135494,51,51,USA,HIC,Infants 28+0 to 32+6 wk admitted within 36 h,Early and exclusive enteral nutrition 60-80 mL/kg/day within 36 h (maternal or donor milk),Standard trophic feeding 20-30 mL/kg/day with parenteral fluids,Number of full enteral feeding days (>=150 mL/kg/day) in first 28 days,NCT04337710,102
Sahu 2024,38640177,31,31,India,LMIC,"SGA VLBW infants >=32 wk, stable, randomised within 2 h",Early total enteral feeding within first 2 h of life (MOM/DHM),Incremental feeding per standardised protocol with intravenous fluids,Duration of hospital stay,CTRI/2021/03/031643,62
Alshaikh 2025,39894877,35,35,Canada,HIC,Infants 30+0 to 33+6 wk gestation,Early exclusive enteral feeding 60-80 mL/kg/day,Conventional feeding 20-30 mL/kg/day with intravenous fluids,Time to achieve full enteral feeds,NCT03708068,70
Ojha 2025 (FEED1),41115446,1047,1041,UK,HIC,"Infants 30+0 to 32+6 wk gestation, 46 neonatal units",Full milk feeds from day 1 (no routine intravenous fluids/PN),Gradual feeding as per local practice with intravenous fluids or PN,Length of hospital stay,ISRCTN89654042,2088
Nangia 2026,42308132,90,93,India,LMIC,"Sick preterm 27-32 wk, including those needing respiratory support",Early total enteral feeding 80 mL/kg/day from day 1,Conventional enteral feeding with intravenous fluids,Day of attainment of full feeds,not reported in text,183
Mishra 2026,42593689,87,83,India,LMIC,"Inborn preterm <=34 wk, birth weight 1000-1250 g",Early total enteral feeding 80 mL/kg/day from day 1 (all received DHM + probiotics),Conventional incremental feeding with intravenous fluid therapy,Time to attain full enteral feeds,CTRI/2022/09/045974,170
