study_id,pmid,doi,first_author,year,journal,title,reason_code,reason_note
Modi 2019,31064897,(no DOI - Indian Pediatrics 2019;56:294-8),Modi M,2019,Indian pediatrics,Early Aggressive Enteral Feeding in Neonates Weighing 750-1250 Grams: A Randomized Controlled Trial,ADV_RATE,"Excluded at full text after initially being included on abstract. Both arms received parenteral nutrition until the infant tolerated 100-120 mL/kg/day of enteral feeds; the randomised contrast is the rate of enteral advancement (30 vs 20 mL/kg/day increments), not exclusive enteral feeding without parenteral support."
Montealegre-Pomar 2020,32441852,10.1002/jpen.1925,Montealegre-Pomar ADP,2020,JPEN. Journal of parenteral and enteral nutrition,Effectiveness and Safety of Fast Enteral Advancement in Preterm Infants Between 1000 and 2000 g of Birth Weight.,ADV_RATE,Randomises advancement rate (30/40 vs 20 mL/kg/d) with common start; belongs to CD001241
Alshaikh 2019,31248308,10.1080/14767058.2019.1637848,Alshaikh B,2019,"The journal of maternal-fetal & neonatal medicine : the official journal of the European Association of Perinatal Medicine, the Federation of Asia and Oceania Perinatal Societies, the International Society of Perinatal Obstetricians",Early total enteral feeding in stable preterm infants: a systematic review and meta-analysis.,NOT_RCT,Systematic review / meta-analysis of the same question
Anand 2024,39019022,10.1159/000539544,Anand R,2024,Neonatology,Influence of Early Total Enteral Feeding in Preterm Infants with Respiratory Distress Syndrome.,NOT_RCT,"Secondary analysis of a surfactant RCT; single-arm ETEF feasibility, no randomised feeding comparison"
Benguigui 2024,39364673,10.1111/apa.17437,Benguigui L,2024,"Acta paediatrica (Oslo, Norway : 1992)",Providing very low-birth-weight infants with fast enteral feeding reduced how long they needed a central venous catheter.,NOT_RCT,"Before-after protocol-change cohort, not randomised"
Maas 2017,28733478,10.1136/archdischild-2017-312917,Maas C,2017,Archives of disease in childhood. Fetal and neonatal edition,Growth and morbidity of extremely preterm infants after early full enteral nutrition.,NOT_RCT,Retrospective single-centre cohort of early full enteral nutrition
Santokh 2026,42586559,10.1542/peds.2026-076045,Santokh I,2026,Pediatrics,Early Exclusive Enteral Feeding in Preterm Infants: A Meta-Analysis.,NOT_RCT,Systematic review / meta-analysis of the same question
Dutta 2025,40762725,10.1007/s00431-025-06365-5,Dutta S,2025,European journal of pediatrics,Enteral feeding based on expected median weight versus actual weight among small for gestational age preterm infants born at 30-34 weeks of gestation for prevention of hypoglycemia: an assessor-blinded randomised controlled trial.,OTHER,"Randomises the weight basis for calculating feed volume (expected median vs actual), not PN avoidance"
Kuschel 2000,11115036,10.1046/j.1440-1754.2000.00577.x,Kuschel CA,2000,Journal of paediatrics and child health,A randomized trial of enteral feeding volumes in infants born before 30 weeks' gestation.,OTHER,Randomises maintenance feed volume (150 vs 200 mL/kg/d) after full feeds attained
Salas 2025,39986385,10.1016/j.ajcnut.2025.02.019,Salas AA,2025,The American journal of clinical nutrition,Early full enteral nutrition with fortified milk in very preterm infants: a randomized clinical trial.,OTHER_NUTRITION,Randomises timing of human milk fortification within an early full enteral nutrition cohort
Alexander 2024,38657245,10.1056/NEJMoa2313942,Alexander T,2024,The New England journal of medicine,Nutritional Support for Moderate-to-Late-Preterm Infants - A Randomized Trial.,PN_COMPOSITION,DIAMOND: randomises IV amino acid vs dextrose with common enteral protocol
Bloomfield 2018,29981569,10.1186/s12887-018-1195-7,Bloomfield FH,2018,BMC pediatrics,"The DIAMOND trial - DIfferent Approaches to MOderate & late preterm Nutrition: Determinants of feed tolerance, body composition and development: protocol of a randomised trial.",PN_COMPOSITION,DIAMOND protocol paper
Ahmed 2020,32844806,,Ahmed F,2020,Mymensingh medical journal : MMJ,Early Versus Delayed Enteral Feeding for Achieving Full Feeding in Preterm Growth-Restricted Infants: A Randomized Clinical Trial.,TIMING_ONSET,Early vs delayed introduction of feeds in growth-restricted preterm infants; CD001970
Arnon 2013,23791232,10.1016/j.jped.2012.12.004,Arnon S,2013,Jornal de pediatria,Very early feeding in stable small for gestational age preterm infants: a randomized clinical trial.,TIMING_ONSET,Very early (<24 h) vs delayed (>24 h) introduction of feeds; CD001970
Bozkurt 2020,31994953,10.1080/14767058.2020.1716723,Bozkurt O,2020,"The journal of maternal-fetal & neonatal medicine : the official journal of the European Association of Perinatal Medicine, the Federation of Asia and Oceania Perinatal Societies, the International Society of Perinatal Obstetricians",Prolonged minimal enteral nutrition versus early feeding advancements in preterm infants with birth weight ≤1250 g: a prospective randomized trial.,TIMING_ONSET,Prolonged minimal enteral nutrition vs early advancement; PN in both arms; belongs to CD001970
Durham 2022,36442467,10.1159/000527430,Durham L,2022,Neonatology,Total Fluid Administration and Weight Loss during the First 2 Weeks in Infants Randomized to Early Enteral Feeding after Extremely Preterm Birth.,TIMING_ONSET,Secondary fluid-balance analysis of an early- vs late-trophic-feeding trial
Kathuria 2025,40188272,10.1038/s41372-025-02288-z,Kathuria R,2025,Journal of perinatology : official journal of the California Perinatal Association,Initiation of enteral feeding as per current protocol (at 24 h) versus as per clinical status (from 6 h onwards) in neonates born with antenatal reversed end diastolic flow (REDF) in the umbilical artery Doppler: a pilot randomized controlled trial.,TIMING_ONSET,Feed initiation at 6 h vs 24 h in REDF neonates; CD001970
Leaf 2012,22492770,10.1542/peds.2011-2379,Leaf A,2012,Pediatrics,Early or delayed enteral feeding for preterm growth-restricted infants: a randomized trial.,TIMING_ONSET,"ADEPT: feeds commenced day 2 vs day 6, identical advancement; CD001970"
Salas 2018,29529231,10.1093/ajcn/nqy012,Salas AA,2018,The American journal of clinical nutrition,Early progressive feeding in extremely preterm infants: a randomized trial.,TIMING_ONSET,Early progressive feeding vs 4-day trophic course; PN in both arms; CD001970
Tewari 2018,28369652,10.1093/tropej/fmx018,Tewari VV,2018,Journal of tropical pediatrics,Early versus Late Enteral Feeding in Preterm Intrauterine Growth Restricted Neonates with Antenatal Doppler Abnormalities: An Open-Label Randomized Trial.,TIMING_ONSET,Early vs late introduction of feeds in IUGR with abnormal Doppler; CD001970
